Workbook

Sheet Conexiones
A1: Rack (Origen) | B1: Equipo (Origen) | C1: Slot (Origen) | D1: Placa (Origen) | E1: Puerto (Origen) | F1: Thru | G1: Puerto Thru | H1: Rack (Destino) | I1: Equipo (Destino) | J1: Slot (Destino) | K1: Puerto (Destino) | L1: Rótulo | M1: Notas | N1: Disp. Ext.
A2: B.3 | B2: =IF(A2="","",VLOOKUP(A2,DB!A:B,2,0)) -> Telecast CopperHead ProHD 1 | E2: SDI Out 1 | H2: B.2 | I2: =IF(H2="","",VLOOKUP(H2,DB!A:B,2,0)) -> ATEM 1 Production Studio | K2: In 1
A3: B.4 | B3: =IF(A3="","",VLOOKUP(A3,DB!A:B,2,0)) -> Telecast CopperHead ProHD 2 | E3: SDI Out 1 | H3: B.2 | I3: =IF(H3="","",VLOOKUP(H3,DB!A:B,2,0)) -> ATEM 1 Production Studio | K3: In 2
A4: B.5 | B4: =IF(A4="","",VLOOKUP(A4,DB!A:B,2,0)) -> Telecast CopperHead ProHD 3 | E4: SDI Out 1 | H4: B.2 | I4: =IF(H4="","",VLOOKUP(H4,DB!A:B,2,0)) -> ATEM 1 Production Studio | K4: In 3
A5: C.2 | B5: =IF(A5="","",VLOOKUP(A5,DB!A:B,2,0)) -> Ikegami BS-80 4 | E5: SDI Out 1 | H5: B.2 | I5: =IF(H5="","",VLOOKUP(H5,DB!A:B,2,0)) -> ATEM 1 Production Studio | K5: In 4
A6: C.3 | B6: =IF(A6="","",VLOOKUP(A6,DB!A:B,2,0)) -> Ikegami BS-80 5 | E6: SDI Out 1 | H6: B.2 | I6: =IF(H6="","",VLOOKUP(H6,DB!A:B,2,0)) -> ATEM 1 Production Studio | K6: In 5
B7: =IF(A7="","",VLOOKUP(A7,DB!A:B,2,0)) | I7: =IF(H7="","",VLOOKUP(H7,DB!A:B,2,0))
B8: =IF(A8="","",VLOOKUP(A8,DB!A:B,2,0)) | I8: =IF(H8="","",VLOOKUP(H8,DB!A:B,2,0))
B9: =IF(A9="","",VLOOKUP(A9,DB!A:B,2,0)) | I9: =IF(H9="","",VLOOKUP(H9,DB!A:B,2,0))
B10: =IF(A10="","",VLOOKUP(A10,DB!A:B,2,0)) | I10: =IF(H10="","",VLOOKUP(H10,DB!A:B,2,0))
B11: =IF(A11="","",VLOOKUP(A11,DB!A:B,2,0)) | I11: =IF(H11="","",VLOOKUP(H11,DB!A:B,2,0))
B12: =IF(A12="","",VLOOKUP(A12,DB!A:B,2,0)) | I12: =IF(H12="","",VLOOKUP(H12,DB!A:B,2,0))
B13: =IF(A13="","",VLOOKUP(A13,DB!A:B,2,0)) | I13: =IF(H13="","",VLOOKUP(H13,DB!A:B,2,0))
B14: =IF(A14="","",VLOOKUP(A14,DB!A:B,2,0)) | I14: =IF(H14="","",VLOOKUP(H14,DB!A:B,2,0))
B15: =IF(A15="","",VLOOKUP(A15,DB!A:B,2,0)) | I15: =IF(H15="","",VLOOKUP(H15,DB!A:B,2,0))
B16: =IF(A16="","",VLOOKUP(A16,DB!A:B,2,0)) | I16: =IF(H16="","",VLOOKUP(H16,DB!A:B,2,0))
B17: =IF(A17="","",VLOOKUP(A17,DB!A:B,2,0)) | I17: =IF(H17="","",VLOOKUP(H17,DB!A:B,2,0))
B18: =IF(A18="","",VLOOKUP(A18,DB!A:B,2,0)) | I18: =IF(H18="","",VLOOKUP(H18,DB!A:B,2,0))
... B251: =IF(A251="","",VLOOKUP(A251,DB!A:B,2,0)) | I251: =IF(H251="","",VLOOKUP(H251,DB!A:B,2,0))

Sheet DB
A1: Rack | B1: Equipo | C1: IP | D1: Puerto
A2: A.1 | B2: Monitor PC CGX
A4: B.1 | B4: Patch panel
A5: B.2 | B5: ATEM 1 Production Studio
A6: B.3 | B6: Telecast CopperHead ProHD 1
A7: B.4 | B7: Telecast CopperHead ProHD 2
A8: B.5 | B8: Telecast CopperHead ProHD 3
A9: B.6 | B9: Blackmagic HyperDeck Studio Pro
A10: B.7 | B10: Blackmagic SmartView Duo
A11: B.8 | B11: PC CGX
A12: B.9 | B12: PC Player
A14: C.1 | B14: Miranda Densite3
A15: C.2 | B15: Ikegami BS-80 4
... A36: D.16 | B36: Monitor Audio R
A38: P.1
A39: P.2
A40: P.3
A41: P.4
A42: P.5
A43: P.6
A44: P.7
A45: P.8
A46: P.9
A47: P.10
A48: P.11
A49: P.12
... A59: N/C

Sheet Consulta
A1: Rack (Origen) | B1: Equipo (Origen) | C1: Slot (Origen) | D1: Placa (Origen) | E1: Puerto (Origen) | F1: Thru | H1: Rack (Destino) | I1: Equipo (Destino) | J1: Slot (Destino) | K1: Puerto (Destino) | L1: Rótulo | M1: Notas | N1: Disp. Ext. | P1: Ordenar por Columna:
A2: d.9 | P2: 1
A3: =IFERROR(__xludf.DUMMYFUNCTION("SORT( FILTER( Conexiones!A2:N251, IF(A2="""", ROW(Conexiones!A2:A251)^0, ISNUMBER(SEARCH(A2, Conexiones!A2:A251))), IF(B2="""", ROW(Conexiones!B2:B251)^0, ISNUMBER(SEARCH(B2, Conexiones!B2:B251))), IF(C2="""", ROW(Conexiones!C2:C251)^0, "&"ISNUMBER(SEARCH(C2, Conexiones!C2:C251))), IF(D2="""", ROW(Conexiones!D2:D251)^0, ISNUMBER(SEARCH(D2, Conexiones!D2:D251))), IF(E2="""", ROW(Conexiones!E2:E251)^0, ISNUMBER(SEARCH(E2, Conexiones!E2:E251))), IF(F2="""", ROW(Conexiones!F2:F251)^"&"0, ISNUMBER(SEARCH(F2, Conexiones!F2:F251))), IF(G2="""", ROW(Conexiones!G2:G251)^0, ISNUMBER(SEARCH(G2, Conexiones!G2:G251))), IF(H2="""", ROW(Conexiones!H2:H251)^0, ISNUMBER(SEARCH(H2, Conexiones!H2:H251))), IF(B2="""", ROW(Conexiones!H2:H25"&"1)^0, ISNUMBER(SEARCH(B2, Conexiones!H2:H251))), IF(I2="""", ROW(Conexiones!I2:I251)^0, ISNUMBER(SEARCH(I2, Conexiones!I2:I251))), IF(J2="""", ROW(Conexiones!J2:J251)^0, ISNUMBER(SEARCH(J2, Conexiones!J2:J251))), IF(K2="""", ROW(Conexiones!K2:"&"K251)^0, ISNUMBER(SEARCH(K2, Conexiones!K2:K251))), IF(L2="""", ROW(Conexiones!L2:L251)^0, ISNUMBER(SEARCH(L2, Conexiones!L2:L251))), IF(M2="""", ROW(Conexiones!M2:M251)^0, ISNUMBER(SEARCH(M2, Conexiones!M2:M251))), IF(N2="""", ROW(Conexiones!"&"N2:N251)^0, ISNUMBER(SEARCH(N2, Conexiones!N2:N251))) ), P2, TRUE )"),"#N/A") -> #N/A
